<?xml version="1.0" encoding="UTF-8"?>
<assembly xmlns="http://maven.apache.org/ASSEMBLY/2.1.1" xmlns:xsi="http://www.w3.org/2001/XMLSchema-instance"
          xsi:schemaLocation="http://maven.apache.org/ASSEMBLY/2.1.1 https://maven.apache.org/xsd/assembly-2.1.1.xsd">
    <!--后缀-->
    <id>release</id>

    <formats>
        <format>tar.gz</format>
        <format>zip</format>
    </formats>

    <includeBaseDirectory>true</includeBaseDirectory>

    <fileSets>
        <!--配置文件放入resources  -->
        <fileSet>
            <directory>${project.basedir}/src/main/resources/startup</directory>
            <includes>
                <include>*.sh</include>
                <include>*.bat</include>
            </includes>
            <outputDirectory>/script</outputDirectory>
        </fileSet>
        <!--配置文件放入resources  -->
        <fileSet>
            <directory>${project.basedir}/src/main/resources</directory>
            <outputDirectory>/resources</outputDirectory>
            <fileMode>0755</fileMode>
        </fileSet>
    </fileSets>
    <!-- 不使用项目的artifact，第三方jar不要解压，打包进zip文件的lib目录 -->
    <dependencySets>
        <dependencySet>
            <outputDirectory>lib</outputDirectory>
            <useProjectArtifact>true</useProjectArtifact>
            <scope>runtime</scope>
<!--            <excludes>-->
<!--                <exclude>${groupId}:${artifactId}</exclude>-->
<!--            </excludes>-->
        </dependencySet>
    </dependencySets>
</assembly>