{
  "properties": [
    {
      "name": "okhttp.config.maxIdleConnections",
      "type": "java.lang.Integer",
      "description": "最大空闲连接数",
      "defaultValue": 10,
      "sourceType": "cn.yhm.developer.kuca.common.properties.OkHttpProperties"
    },
    {
      "name": "okhttp.config.keepAliveDuration",
      "type": "java.lang.Long",
      "description": "连接持续时间 默认单位：毫秒",
      "defaultValue": 5000,
      "sourceType": "cn.yhm.developer.kuca.common.properties.OkHttpProperties"
    },
    {
      "name": "okhttp.config.keepAliveDurationTimeUnit",
      "type": "java.util.concurrent.TimeUnit",
      "description": "连接持续时间单位",
      "defaultValue": "java.util.concurrent.TimeUnit.MILLISECONDS",
      "sourceType": "cn.yhm.developer.kuca.common.properties.OkHttpProperties"
    }
  ]
}