<?xml version="1.0" encoding="UTF-8"?>
<!DOCTYPE mapper PUBLIC "-//mybatis.org//DTD Mapper 3.0//EN" "http://mybatis.org/dtd/mybatis-3-mapper.dtd">
<mapper namespace="cn.yhm.developer.monkey.mapper.ContentMapper">

    <!-- 通用查询映射结果 -->
    <resultMap id="BaseResultMap" type="cn.yhm.developer.monkey.model.entity.ContentEntity">
        <id column="id" property="id"/>
        <result column="content" property="content"/>
        <result column="version" property="version"/>
        <result column="deleted" property="deleted"/>
        <result column="created_time" property="createdTime"
                typeHandler="cn.yhm.developer.monkey.common.typehandler.MyZoneDateTimeTypeHandler"/>
        <result column="updated_time" property="updatedTime"
                typeHandler="cn.yhm.developer.monkey.common.typehandler.MyZoneDateTimeTypeHandler"/>
    </resultMap>

    <!-- 通用查询结果列 -->
    <sql id="Base_Column_List">
        id
        , content, version, deleted, created_time, updated_time
    </sql>

</mapper>
