<?xml version="1.0" encoding="UTF-8"?>
<!DOCTYPE mapper PUBLIC "-//mybatis.org//DTD Mapper 3.0//EN" "http://mybatis.org/dtd/mybatis-3-mapper.dtd">
<mapper namespace="cn.yhm.developer.monkey.mapper.ContentMapper">

    <!-- 通用查询映射结果 -->
    <resultMap id="BaseResultMap" type="cn.yhm.developer.monkey.entity.ContentEntity">
        <id column="id" property="id" />
        <result column="content" property="content" />
        <result column="version" property="version" />
        <result column="deleted" property="deleted" />
        <result column="created_time" property="createdTime" />
        <result column="updated_time" property="updatedTime" />
    </resultMap>

    <!-- 通用查询结果列 -->
    <sql id="Base_Column_List">
        id, content, version, deleted, created_time, updated_time
    </sql>

</mapper>
