{
  "properties": [
    {
      "name": "okhttp.config.max-idle-connections",
      "type": "java.lang.Integer",
      "description": "最大空闲连接数",
      "sourceType": "cn.yhm.developer.kuca.common.properties.OkHttpProperties"
    },
    {
      "name": "okhttp.config.keep-alive-duration",
      "type": "java.lang.Long",
      "description": "连接保活时间 默认单位：毫秒",
      "sourceType": "cn.yhm.developer.kuca.common.properties.OkHttpProperties"
    },
    {
      "name": "okhttp.config.keep-alive-duration-time-unit",
      "type": "java.util.concurrent.TimeUnit",
      "description": "连接保活时间单位",
      "sourceType": "cn.yhm.developer.kuca.common.properties.OkHttpProperties"
    },
    {
      "name": "okhttp.config.connect-timeout",
      "type": "java.lang.Long",
      "description": "连接超时时间",
      "sourceType": "cn.yhm.developer.kuca.common.properties.OkHttpProperties"
    },
    {
      "name": "okhttp.config.connect-timeout-time-unit",
      "type": "java.util.concurrent.TimeUnit",
      "description": "连接超时时间单位",
      "sourceType": "cn.yhm.developer.kuca.common.properties.OkHttpProperties"
    },
    {
      "name": "okhttp.config.write-timeout",
      "type": "java.lang.Long",
      "description": "写超时时间单位",
      "sourceType": "cn.yhm.developer.kuca.common.properties.OkHttpProperties"
    },
    {
      "name": "okhttp.config.write-timeout-time-unit",
      "type": "java.util.concurrent.TimeUnit",
      "description": "写超时时间单位",
      "sourceType": "cn.yhm.developer.kuca.common.properties.OkHttpProperties"
    }
  ]
}