<?xml version="1.0" encoding="UTF-8"?>
<!DOCTYPE mapper PUBLIC "-//mybatis.org//DTD Mapper 3.0//EN"
        "http://mybatis.org/dtd/mybatis-3-mapper.dtd">
<mapper namespace="cn.yhm.developer.monkey.mapper.ContentMapper">

    <!--ContentTableAllColumns-->
    <sql id="ContentTableAllColumns">
        id,content,version,deleted,create_time,update_time
    </sql>

    <!--ContentEntity映射-->
    <resultMap id="ContentEntityResultMap" type="cn.yhm.developer.monkey.model.entity.ContentEntity">
        <id property="id" column="author_id"/>
        <result property="id" column="id"/>
        <result property="content" column="content"/>
        <result property="version" column="version"/>
        <result property="deleted" column="deleted"/>
        <result property="createTime" column="create_time"
                typeHandler="cn.yhm.developer.monkey.common.typehandler.MyZoneDateTimeTypeHandler"/>
        <result property="updateTime" column="update_time"
                typeHandler="cn.yhm.developer.monkey.common.typehandler.MyZoneDateTimeTypeHandler"/>
    </resultMap>

</mapper>